City_ID,City,Country,Lat,Lng,Max Temp,Humidity,Cloudiness,Wind Speed,Current Description
0,Arraial Do Cabo,BR,-22.9661,-42.0278,71.56,78,1,9.17,clear sky
1,Jamestown,US,42.097,-79.2353,35.71,71,90,8.01,light snow
2,Ushuaia,AR,-54.8,-68.3,51.46,62,20,12.66,few clouds
3,Okhotsk,RU,59.3833,143.3,4.87,82,100,9.91,overcast clouds
4,East London,ZA,-33.0153,27.9116,67.73,81,0,3.11,clear sky
5,Ostrovnoy,RU,68.0531,39.5131,11.41,91,99,13.58,overcast clouds
6,Puerto Escondido,MX,15.85,-97.0667,79.81,78,86,5.53,overcast clouds
7,Mahebourg,MU,-20.4081,57.7,74.25,94,40,5.75,scattered clouds
8,Krasnyy Yar,RU,46.5331,48.3456,35.53,95,100,15.86,light rain
9,Hithadhoo,MV,-0.6,73.0833,81.52,77,79,11.83,broken clouds
10,Iqaluit,CA,63.7506,-68.5145,-5.89,99,88,14.2,overcast clouds
11,Mataura,NZ,-46.1927,168.8643,62.47,36,51,6.24,broken clouds
12,Busselton,AU,-33.65,115.3333,74.08,61,97,11.97,overcast clouds
13,Hobart,AU,-42.8794,147.3294,61.11,77,75,1.99,broken clouds
14,Barrow,US,71.2906,-156.7887,3.22,85,90,11.5,mist
15,Pacific Grove,US,36.6177,-121.9166,53.71,79,75,3.0,broken clouds
16,Port Lincoln,AU,-34.7333,135.8667,63.21,54,54,12.19,broken clouds
17,Pangody,RU,65.85,74.4859,0.61,99,100,7.36,overcast clouds
18,Port Alfred,ZA,-33.5906,26.891,69.46,95,26,7.09,scattered clouds
19,Rikitea,PF,-23.1203,-134.9692,76.1,73,64,19.42,broken clouds
20,Vaini,TO,-21.2,-175.2,84.36,79,20,10.36,few clouds
21,Saskylakh,RU,71.9167,114.0833,-12.78,99,100,5.64,overcast clouds
22,Iskateley,RU,67.6803,53.1512,4.12,97,90,8.12,overcast clouds
23,Taltal,CL,-25.4,-70.4833,60.69,84,60,2.3,broken clouds
24,Ndele,CF,8.4109,20.6473,70.74,28,0,5.73,clear sky
25,Baryatino,RU,54.3121,34.521,17.98,90,99,11.18,overcast clouds
26,Atar,MR,20.5169,-13.0499,63.43,14,98,10.2,overcast clouds
27,Galveston,US,29.3669,-94.9669,76.17,93,75,5.01,broken clouds
28,Bethel,US,41.3712,-73.414,34.05,72,75,3.44,broken clouds
29,Qaanaaq,GL,77.484,-69.3632,-1.28,79,28,8.12,scattered clouds
30,San Patricio,US,28.017,-97.5169,75.88,89,17,12.55,few clouds
31,Albany,US,42.6001,-73.9662,29.68,76,99,3.29,overcast clouds
32,Cape Town,ZA,-33.9258,18.4232,64.11,83,5,1.99,clear sky
33,Narsaq,GL,60.9167,-46.05,26.82,82,75,5.97,broken clouds
34,Panguna,PG,-6.3164,155.4848,81.19,67,100,2.57,light rain
35,Qunduz,AF,36.729,68.857,43.5,21,0,3.49,clear sky
36,Ribeira Grande,PT,38.5167,-28.7,63.48,63,98,10.92,overcast clouds
37,College,US,64.8569,-147.8028,12.58,87,75,3.44,broken clouds
38,Marsa Matruh,EG,31.3525,27.2453,58.53,66,100,10.11,overcast clouds
39,Sobolevo,RU,54.4299,31.8996,23.63,93,100,12.12,overcast clouds
40,Dikson,RU,73.5069,80.5464,-26.59,98,29,5.7,scattered clouds
41,Lagoa,PT,39.05,-27.9833,62.4,62,100,6.98,overcast clouds
42,Kamina,CD,-8.7386,24.9906,63.84,95,94,3.11,overcast clouds
43,Jiuquan,CN,39.7432,98.5174,28.22,48,100,6.64,overcast clouds
44,Avarua,CK,-21.2078,-159.775,80.65,74,40,6.91,scattered clouds
45,Talnakh,RU,69.4865,88.3972,-26.64,100,70,5.44,broken clouds
46,Upernavik,GL,72.7868,-56.1549,0.72,99,100,8.95,overcast clouds
47,Ancud,CL,-41.8697,-73.8203,60.42,89,0,3.47,clear sky
48,Tasiilaq,GL,65.6145,-37.6368,26.76,61,100,8.25,overcast clouds
49,At-Bashi,KG,41.1702,75.8106,5.04,69,6,1.5,clear sky
50,Waddan,LY,29.1614,16.139,49.08,30,0,9.46,clear sky
51,Hilo,US,19.7297,-155.09,78.53,38,90,6.91,overcast clouds
52,Tarabuco,BO,-19.1667,-64.9167,49.5,83,98,4.5,overcast clouds
53,Butaritari,KI,3.0707,172.7902,82.26,77,100,8.43,overcast clouds
54,Pisco,PE,-13.7,-76.2167,66.25,77,0,12.66,clear sky
55,Bluff,NZ,-46.6,168.3333,62.8,60,35,10.74,scattered clouds
56,Chokurdakh,RU,70.6333,147.9167,-47.65,100,72,3.62,broken clouds
57,High Level,CA,58.5169,-117.136,-1.05,99,37,4.34,scattered clouds
58,Mar Del Plata,AR,-38.0023,-57.5575,68.09,90,100,1.99,overcast clouds
59,Punta Arenas,CL,-53.15,-70.9167,50.11,62,0,4.61,clear sky
60,Northam,GB,51.0333,-4.2167,46.62,71,56,31.25,light rain
61,Kapaa,US,22.0752,-159.319,80.58,84,20,4.0,few clouds
62,Srednekolymsk,RU,67.45,153.6833,-44.66,100,95,4.47,overcast clouds
63,Krasnoselkup,RU,65.7,82.4667,-21.82,100,10,4.97,clear sky
64,Pitimbu,BR,-7.4706,-34.8086,81.19,80,55,11.03,broken clouds
65,Nouadhibou,MR,20.931,-17.0347,65.55,70,100,18.61,overcast clouds
66,Zyryanka,RU,65.75,150.85,-43.67,96,79,5.82,broken clouds
67,Araouane,ML,18.9048,-3.5265,65.37,16,81,11.27,broken clouds
68,Zhigansk,RU,66.7697,123.3711,-9.24,97,100,20.92,light snow
69,Aklavik,CA,68.2191,-135.0107,-13.18,99,42,7.52,scattered clouds
70,Gamba,GA,-2.65,10.0,77.11,90,100,4.29,overcast clouds
71,Port-Gentil,GA,-0.7193,8.7815,80.17,82,100,8.63,light rain
72,Puerto Ayora,EC,-0.7393,-90.3518,70.3,87,96,5.57,overcast clouds
73,Kahului,US,20.8947,-156.47,80.62,74,40,24.16,scattered clouds
74,Tuktoyaktuk,CA,69.4541,-133.0374,-7.4,97,13,7.76,few clouds
75,Mazagao,BR,-0.115,-51.2894,80.65,96,87,3.44,overcast clouds
76,Ukiah,US,39.1502,-123.2078,48.99,62,1,3.44,clear sky
77,Georgetown,MY,5.4112,100.3354,84.88,72,20,1.01,few clouds
78,Melfort,CA,52.8667,-104.6177,11.16,91,19,9.86,few clouds
79,Kavaratti,IN,10.5669,72.642,82.42,71,83,10.31,broken clouds
80,Puerto Wilches,CO,7.3483,-73.896,77.07,88,86,1.23,overcast clouds
81,Buchanan,LR,5.8808,-10.0467,76.96,86,8,4.65,light rain
82,Fort Nelson,CA,58.8053,-122.7002,1.27,98,97,1.74,overcast clouds
83,Jaguaribe,BR,-5.8906,-38.6219,81.7,64,100,9.22,overcast clouds
84,Saint-Philippe,RE,-21.3585,55.7679,74.79,76,41,8.97,scattered clouds
85,Buala,SB,-8.145,159.5921,84.61,78,94,7.47,light rain
86,Luderitz,NA,-26.6481,15.1594,59.97,83,0,8.28,clear sky
87,Berlevag,NO,70.8578,29.0864,20.91,78,7,20.92,clear sky
88,Angoche,MZ,-16.2325,39.9086,74.61,84,1,4.85,clear sky
89,Ylivieska,FI,64.0833,24.55,19.31,84,100,9.22,overcast clouds
90,Champerico,GT,14.3,-91.9167,81.28,78,0,7.9,clear sky
91,Megion,RU,61.0296,76.1136,5.02,100,100,4.63,overcast clouds
92,Kamen-Rybolov,RU,44.7481,132.0403,33.44,95,100,4.68,overcast clouds
93,Komsomolskiy,UZ,40.4272,71.7189,30.92,59,0,6.91,clear sky
94,Biltine,TD,14.5333,20.9167,68.94,12,0,8.93,clear sky
95,Leningradskiy,RU,69.3833,178.4167,-12.19,92,100,21.56,overcast clouds
96,Yei,SS,4.095,30.6779,70.39,73,37,0.83,light rain
97,Bredasdorp,ZA,-34.5322,20.0403,64.27,91,99,9.24,overcast clouds
98,Tupiza,BO,-21.45,-65.7167,58.66,72,100,6.44,overcast clouds
99,Cravo Norte,CO,6.3017,-70.2041,81.14,64,72,7.56,broken clouds
100,Kurilsk,RU,45.2333,147.8833,40.08,65,2,7.09,clear sky
101,Nanortalik,GL,60.1432,-45.2371,22.93,87,89,6.06,overcast clouds
102,Portland,US,45.5234,-122.6762,42.78,92,40,1.99,scattered clouds
103,Dargaville,NZ,-35.9333,173.8833,76.86,58,21,7.81,few clouds
104,Warrington,GB,53.3925,-2.5802,45.32,77,40,3.0,scattered clouds
105,Esperance,AU,-33.8667,121.9,91.24,37,87,11.83,overcast clouds
106,Andenes,NO,69.3143,16.1194,24.78,74,83,16.11,broken clouds
107,Sisimiut,GL,66.9395,-53.6735,20.44,91,97,8.1,overcast clouds
108,Shingu,JP,33.7333,135.9833,58.26,75,100,1.19,overcast clouds
109,Varhaug,NO,58.6147,5.6457,41.9,78,90,31.56,light rain
110,Kaka,TM,37.3482,59.6143,52.74,34,1,3.18,clear sky
111,Rafaela,AR,-31.2503,-61.4867,71.06,33,96,17.02,overcast clouds
112,Pavilosta,LV,56.8879,21.1859,26.51,88,100,18.12,overcast clouds
113,Uzhur,RU,55.3036,89.8339,10.2,69,100,12.88,overcast clouds
114,Zheleznodorozhnyy,RU,55.7503,38.0042,7.32,96,6,4.99,clear sky
115,Bayangol,RU,50.6977,103.4656,-2.31,92,81,2.17,broken clouds
116,Vila Velha,BR,-20.3297,-40.2925,69.94,91,40,4.61,scattered clouds
117,Beringovskiy,RU,63.05,179.3167,-6.29,91,100,15.75,overcast clouds
118,Zunyi,CN,27.6867,106.9072,50.4,82,100,4.54,overcast clouds
119,Conde,BR,-7.2597,-34.9075,80.06,83,20,6.91,few clouds
120,Carnot,CF,4.9409,15.8665,71.85,32,23,1.41,few clouds
121,Coquimbo,CL,-29.9533,-71.3436,58.73,88,0,5.75,clear sky
122,Kutum,SD,14.2,24.6667,56.82,26,0,5.17,clear sky
123,New Norfolk,AU,-42.7826,147.0587,60.75,50,97,1.01,overcast clouds
124,Partizanskoye,RU,55.5006,94.39,10.29,86,100,25.1,overcast clouds
125,Cherskiy,RU,68.75,161.3,-43.73,100,96,5.61,overcast clouds
126,Pevek,RU,69.7008,170.3133,-24.75,98,99,7.23,overcast clouds
127,Castro Marim,PT,37.2207,-7.4435,53.58,88,7,8.93,clear sky
128,Vao,NC,-22.6667,167.4833,79.27,81,5,12.82,clear sky
129,Songjianghe,CN,42.1859,127.479,32.34,88,100,4.52,light snow
130,Bakchar,RU,57.0186,82.0711,8.33,94,93,7.2,overcast clouds
131,Seabra,BR,-12.4186,-41.7703,67.12,97,100,1.45,overcast clouds
132,Domoni,KM,-12.2569,44.5319,77.97,82,100,8.03,overcast clouds
133,Hambantota,LK,6.1241,81.1185,73.74,100,20,6.91,few clouds
134,Kaitangata,NZ,-46.2817,169.8464,61.93,62,42,8.48,scattered clouds
135,Stephenville,US,32.2207,-98.2023,68.34,60,1,5.75,clear sky
136,Rongcheng,CN,30.634,117.8517,57.85,53,7,4.85,clear sky
137,Suzhou,CN,31.3114,120.6181,55.27,56,0,3.98,clear sky
138,Qabaqcol,AZ,41.72,46.2647,50.04,65,56,2.21,broken clouds
139,Hermanus,ZA,-34.4187,19.2345,64.8,89,98,10.92,overcast clouds
140,Katherine,AU,-14.4667,132.2667,89.92,45,40,4.61,scattered clouds
141,Gambela,ET,8.25,34.5833,76.95,39,46,3.74,scattered clouds
142,Bilma,NE,18.6853,12.9164,62.13,15,100,7.7,overcast clouds
143,Port Hardy,CA,50.6996,-127.4199,38.75,94,100,5.59,light rain
144,Ellisras,ZA,-23.6649,27.7443,69.76,71,100,3.06,overcast clouds
145,Zhangjiakou,CN,40.81,114.8794,30.96,48,95,4.14,overcast clouds
146,Kodiak,US,57.79,-152.4072,36.91,65,75,4.61,broken clouds
147,Sorong,ID,-0.8833,131.25,84.2,72,98,5.14,heavy intensity rain
148,Ponta Delgada,PT,37.7333,-25.6667,56.5,82,20,3.44,few clouds
149,Clarksburg,US,39.2807,-80.3445,45.28,74,90,0.0,overcast clouds
150,Kumasi,GH,6.6885,-1.6244,71.82,72,14,2.08,few clouds
151,Tura,IN,25.5198,90.2201,66.7,77,0,2.04,clear sky
152,Deputatskiy,RU,69.3,139.9,-35.66,99,59,3.67,broken clouds
153,Yellowknife,CA,62.456,-114.3525,-1.59,96,95,8.48,overcast clouds
154,Russell,US,32.3502,-85.1999,54.97,92,90,5.75,overcast clouds
155,Thompson,CA,55.7435,-97.8558,6.84,93,100,7.4,overcast clouds
156,Kuala Terengganu,MY,5.3302,103.1408,79.59,83,100,10.78,overcast clouds
157,Sant Julia De Loria,AD,42.4625,1.4825,42.8,95,99,3.85,snow
158,Castro,BR,-24.7911,-50.0119,53.69,93,0,5.66,clear sky
159,Meulaboh,ID,4.1363,96.1285,79.95,84,99,3.87,overcast clouds
160,Vung Tau,VN,10.346,107.0843,77.11,81,90,3.18,overcast clouds
161,Dingle,PH,10.9995,122.6711,81.81,78,64,16.15,broken clouds
162,Kruisfontein,ZA,-34.0033,24.7314,65.88,97,100,1.99,overcast clouds
163,Brekstad,NO,63.687,9.6654,35.69,60,0,26.46,clear sky
164,Chuy,UY,-33.6971,-53.4616,62.49,77,83,7.4,broken clouds
165,Soligalich,RU,59.0778,42.2864,-2.29,99,64,2.95,broken clouds
166,Nemuro,JP,43.3236,145.575,42.06,68,5,8.05,clear sky
167,Rafraf,TN,37.1904,10.1837,46.71,66,36,16.2,scattered clouds
168,Nikolskoye,RU,59.7035,30.7861,0.81,96,27,5.35,scattered clouds
169,Humaita,BR,-7.5061,-63.0208,74.95,98,100,0.98,overcast clouds
170,Warrnambool,AU,-38.3833,142.4833,62.82,65,85,15.19,overcast clouds
171,Hajnowka,PL,52.7433,23.5812,31.01,83,100,3.0,overcast clouds
172,Nantucket,US,41.2835,-70.0995,36.09,66,100,7.09,overcast clouds
173,Labuhan,ID,-6.8844,112.2051,84.2,69,96,6.6,overcast clouds
174,Wamba,NG,8.9333,8.6,70.99,24,1,4.5,clear sky
175,Atuona,PF,-9.8,-139.0333,78.49,67,62,12.21,broken clouds
176,Hami,CN,42.8,93.45,29.46,46,100,4.36,overcast clouds
177,Svay Rieng,KH,11.0879,105.7993,76.15,63,96,15.46,overcast clouds
178,Kastamonu,TR,41.5,33.6667,34.72,84,0,2.59,clear sky
179,Sola,VU,-13.8833,167.55,82.8,73,100,6.58,overcast clouds
180,Dourbali,TD,11.8091,15.8632,68.38,17,2,7.83,clear sky
181,Odweyne,SO,9.4092,45.064,57.78,55,0,14.61,clear sky
182,Ilulissat,GL,69.2167,-51.1,21.22,49,81,11.5,broken clouds
183,Ahipara,NZ,-35.1667,173.1667,73.96,57,61,5.21,broken clouds
184,Rocky Mountain House,CA,52.3668,-114.9188,15.84,77,96,5.17,overcast clouds
185,Kanye,BW,-24.9667,25.3327,66.61,70,97,8.59,overcast clouds
186,Chifeng,CN,42.2683,118.9636,32.18,45,0,6.04,clear sky
187,Udachnyy,RU,66.4167,112.4,-15.56,82,96,7.07,overcast clouds
188,Karratha,AU,-20.7377,116.8463,100.98,22,13,3.67,few clouds
189,Ende,ID,-8.8432,121.6623,86.81,68,60,6.29,broken clouds
190,Victoria,HK,22.2855,114.1577,73.26,70,0,1.01,clear sky
191,Warri,NG,5.5167,5.75,77.0,89,6,2.71,clear sky
192,Margate,GB,51.3813,1.3862,47.3,94,100,1.99,light rain
193,Vikhorevka,RU,56.1201,101.1636,9.99,89,100,14.63,light snow
194,Kulachi,PK,31.9286,70.4592,56.93,25,0,5.86,clear sky
195,Assiniboia,CA,49.6334,-105.9845,16.72,83,5,10.94,clear sky
196,Tiksi,RU,71.6872,128.8694,-9.17,97,100,8.21,overcast clouds
197,Nacimiento,CL,-37.5,-72.6667,69.28,48,0,3.65,clear sky
198,Saldanha,ZA,-33.0117,17.9442,61.34,97,22,4.38,few clouds
199,Vardo,NO,70.3705,31.1107,22.19,82,25,22.32,scattered clouds
200,Yulara,AU,-25.2406,130.9889,89.44,14,1,12.66,clear sky
201,Necochea,AR,-38.5473,-58.7368,63.03,48,100,14.09,overcast clouds
202,Great Yarmouth,GB,52.6083,1.7305,44.46,92,100,18.03,overcast clouds
203,Bara,NG,10.3744,10.7288,66.27,27,3,7.05,clear sky
204,Tak,TH,16.5833,98.8333,71.91,69,22,2.68,few clouds
205,Kathmandu,NP,27.7167,85.3167,46.62,100,40,0.0,mist
206,Piacabucu,BR,-10.4056,-36.4344,79.66,84,100,12.06,overcast clouds
207,Sabzevar,IR,36.2126,57.6819,45.64,34,0,3.18,clear sky
208,Torbay,CA,47.6666,-52.7314,30.58,96,90,41.43,snow
209,Belaya Gora,RU,68.5333,146.4167,-41.08,98,96,2.64,overcast clouds
210,Sur,OM,22.5667,59.5289,69.75,49,0,3.49,clear sky
211,Shenjiamen,CN,29.9576,122.298,57.87,65,0,8.66,clear sky
212,Kidal,ML,18.4411,1.4078,65.79,9,100,10.18,overcast clouds
213,Gladstone,AU,-23.85,151.25,91.78,61,86,11.5,overcast clouds
214,Iwaki,JP,37.05,140.8833,52.02,65,100,1.99,overcast clouds
215,Kaeo,NZ,-35.1,173.7833,73.78,55,41,7.54,scattered clouds
216,Geraldton,AU,-28.7667,114.6,77.41,61,75,12.66,broken clouds
217,Bandarbeyla,SO,9.4942,50.8122,75.06,70,6,15.88,clear sky
218,San Cristobal,VE,7.7669,-72.225,71.78,96,100,2.75,overcast clouds
219,Diffa,NE,13.3154,12.6113,66.11,19,0,10.54,clear sky
220,Airai,TL,-8.9266,125.4092,71.58,67,93,0.76,overcast clouds
221,Albacete,ES,38.8333,-2.0,45.41,81,0,17.27,clear sky
222,Praia Da Vitoria,PT,38.7333,-27.0667,62.76,69,18,6.13,few clouds
223,Chimbote,PE,-9.0853,-78.5783,67.19,84,100,5.73,overcast clouds
224,Nizhniy Tsasuchey,RU,50.5167,115.1333,15.84,88,100,3.51,overcast clouds
225,Mount Isa,AU,-20.7333,139.5,89.37,10,3,18.41,clear sky
226,Miguel Hidalgo,MX,19.4225,-99.2028,66.58,45,1,4.61,clear sky
227,Itacoatiara,BR,-3.1431,-58.4442,75.83,92,100,1.81,light rain
228,Katsuura,JP,35.1333,140.3,55.11,70,100,13.06,overcast clouds
229,Ust-Omchug,RU,61.15,149.6333,-22.94,76,94,2.89,overcast clouds
230,Cidreira,BR,-30.1811,-50.2056,66.76,67,4,9.57,clear sky
231,Lieksa,FI,63.3167,30.0167,5.49,95,96,5.23,overcast clouds
232,Souillac,MU,-20.5167,57.5167,74.35,94,40,5.75,scattered clouds
233,Dalbandin,PK,28.8947,64.4101,48.45,26,4,4.12,clear sky
234,Dauphin,CA,51.1494,-100.0502,18.73,81,10,14.43,clear sky
235,Bengkulu,ID,-3.8004,102.2655,73.78,94,100,9.89,overcast clouds
236,Tarbes,FR,43.25,0.1667,53.26,100,90,20.71,overcast clouds
237,Tinca,RO,46.7749,21.9316,41.11,97,100,7.43,light rain
238,San Policarpo,PH,12.1791,125.5072,80.74,85,100,16.87,moderate rain
239,Sitka,US,57.0531,-135.33,37.29,70,90,10.36,overcast clouds
240,Astana,KZ,51.1801,71.446,-0.45,78,0,6.71,clear sky
241,Flin Flon,CA,54.7682,-101.865,9.03,89,83,9.28,broken clouds
242,Sao Filipe,CV,14.8961,-24.4956,74.62,67,76,11.3,broken clouds
243,Tuatapere,NZ,-46.1333,167.6833,62.82,55,97,11.05,overcast clouds
244,Tukrah,LY,32.5341,20.5791,57.04,46,0,16.4,clear sky
245,Tondano,ID,1.3038,124.9112,78.89,66,58,2.64,broken clouds
246,Goundam,ML,16.4145,-3.6708,69.84,13,95,9.42,overcast clouds
247,Cockburn Town,TC,21.4612,-71.1419,79.23,73,1,16.8,clear sky
248,Payakumbuh,ID,-0.2202,100.6308,74.7,93,99,1.63,moderate rain
249,Karaton,ID,-6.3424,106.1045,83.95,72,87,1.21,overcast clouds
250,Pathein,MM,16.7833,94.7333,75.94,70,0,5.97,clear sky
251,Cachoeiras De Macacu,BR,-22.4625,-42.6531,65.14,97,42,1.74,scattered clouds
252,Ballina,AU,-28.8667,153.5667,87.98,53,72,5.88,broken clouds
253,Kirovskiy,RU,45.0917,133.5136,34.48,92,100,5.01,overcast clouds
254,Clyde River,CA,70.4692,-68.5914,-13.86,87,22,3.42,few clouds
255,Olupona,NG,7.6,4.1833,71.44,31,0,2.89,clear sky
256,Itarema,BR,-2.9248,-39.9167,80.85,78,39,14.65,scattered clouds
257,Severo-Kurilsk,RU,50.6789,156.125,36.27,80,6,8.43,clear sky
258,Yaan,NG,7.3833,8.5667,74.3,22,0,5.84,clear sky
259,Bogatyye Saby,RU,56.0102,50.4483,17.82,98,94,6.53,overcast clouds
260,Sao Benedito Do Rio Preto,BR,-3.3336,-43.5283,76.8,89,95,2.39,overcast clouds
261,Carutapera,BR,-1.195,-46.02,78.42,88,48,5.44,scattered clouds
262,Burns Lake,CA,54.2331,-125.7533,22.33,90,98,3.36,overcast clouds
263,Saint-Augustin,CA,51.226,-58.6502,17.02,53,100,20.83,overcast clouds
264,Boyolangu,ID,-8.1181,111.8935,84.58,68,49,4.27,scattered clouds
265,Zhifang,CN,30.35,114.3167,60.01,48,100,7.38,overcast clouds
266,Asau,RO,46.4333,26.4,33.4,85,100,3.06,overcast clouds
267,Alofi,NU,-19.0595,-169.9187,75.09,94,75,6.91,light intensity drizzle
268,Mporokoso,ZM,-9.3727,30.125,61.23,89,43,2.8,scattered clouds
269,Igarka,RU,67.4667,86.5833,-20.04,96,6,8.48,clear sky
270,Ponta Do Sol,PT,32.6667,-17.1,64.0,79,20,7.72,few clouds
271,Auki,SB,-8.7676,160.7034,83.53,83,84,7.38,broken clouds
272,Abu Dhabi,AE,24.4667,54.3667,68.97,72,0,1.14,clear sky
273,Ati,TD,13.2154,18.3353,70.77,14,0,10.4,clear sky
274,Lebu,CL,-37.6167,-73.65,56.41,87,0,15.95,clear sky
275,Bathsheba,BB,13.2167,-59.5167,79.41,73,20,16.11,few clouds
276,Camocim,BR,-2.9022,-40.8411,80.06,78,42,9.04,scattered clouds
277,Fortuna,US,40.5982,-124.1573,46.98,76,75,6.91,broken clouds
278,Yumen,CN,40.2833,97.2,25.65,56,100,4.0,overcast clouds
279,San Vicente,AR,-26.6167,-54.1333,63.88,50,1,3.02,clear sky
280,Caravelas,BR,-17.7125,-39.2481,72.28,96,100,3.36,light rain
281,Sakaiminato,JP,35.55,133.2333,57.99,52,8,8.23,clear sky
282,Oussouye,SN,12.485,-16.5469,73.69,70,5,8.37,clear sky
283,Bonavista,CA,48.6499,-53.1147,31.12,93,100,42.57,snow
284,Sartell,US,45.6216,-94.2069,32.4,81,1,1.99,clear sky
285,Pangkalanbuun,ID,-2.6833,111.6167,82.02,80,88,4.83,overcast clouds
286,Touros,BR,-5.1989,-35.4608,81.5,79,100,14.63,overcast clouds
287,Zhanaozen,KZ,43.3,52.8,45.45,80,100,15.95,overcast clouds
288,Broken Hill,AU,-31.95,141.4333,71.71,29,0,15.66,clear sky
289,Lorengau,PG,-2.0226,147.2712,86.09,72,100,16.93,overcast clouds
290,Kloulklubed,PW,7.0419,134.2556,86.5,75,100,7.4,overcast clouds
291,San Bartolome De Tirajana,ES,27.9248,-15.5733,56.32,59,75,25.32,broken clouds
292,Mabaruma,GY,8.2,-59.7833,72.93,99,32,2.82,scattered clouds
293,Bafoulabe,ML,13.8065,-10.8321,76.73,16,2,4.09,clear sky
294,Norman Wells,CA,65.282,-126.8329,-3.96,84,75,3.44,broken clouds
295,Davidson,US,36.1501,-86.7833,61.25,67,90,11.01,overcast clouds
296,Thessalon,CA,46.2501,-83.5666,34.09,99,100,20.02,light snow
297,Longyearbyen,SJ,78.2186,15.6401,24.64,80,90,2.3,overcast clouds
298,Provideniya,RU,64.3833,-173.3,3.31,85,75,11.18,broken clouds
299,Yar-Sale,RU,66.8333,70.8333,2.62,93,100,7.94,overcast clouds
300,Tautira,PF,-17.7333,-149.15,84.22,64,19,9.28,few clouds
301,Tabory,RU,58.5198,64.5495,20.98,76,100,8.55,overcast clouds
302,Port Elizabeth,ZA,-33.918,25.5701,68.29,100,75,3.44,broken clouds
303,Naze,JP,28.3667,129.4833,66.4,46,30,1.28,scattered clouds
304,Saint-Paul,RE,-21.0096,55.2707,75.31,76,91,4.0,overcast clouds
305,Tres Arroyos,AR,-38.3739,-60.2798,63.59,86,100,4.47,moderate rain
306,Chotila,IN,22.4167,71.1833,64.13,45,5,8.41,clear sky
307,La Ronge,CA,55.1001,-105.2842,5.13,98,99,3.85,overcast clouds
308,Amalapuram,IN,16.5833,82.0167,75.58,87,19,6.93,few clouds
309,Candido Mendes,BR,-1.4467,-45.7167,76.77,91,60,3.15,broken clouds
310,Sawtell,AU,-30.3833,153.1,86.18,69,0,13.8,clear sky
311,Eyl,SO,7.9803,49.8164,72.66,73,33,16.8,scattered clouds
312,Bangangte,CM,5.1409,10.5198,61.77,55,93,3.33,overcast clouds
313,Gravdal,NO,68.1214,13.5031,31.6,70,100,12.41,overcast clouds
314,Belsand,IN,26.45,85.4,62.53,52,0,5.82,clear sky
315,Novospasskoye,RU,53.1468,47.7514,31.66,83,100,8.37,overcast clouds
316,Tongren,CN,27.7172,109.1853,53.56,78,100,2.62,overcast clouds
317,Portomaggiore,IT,44.6985,11.8068,42.58,89,48,4.09,scattered clouds
318,Bhag,PK,29.0415,67.8239,57.81,29,0,2.04,clear sky
319,Bambous Virieux,MU,-20.3428,57.7575,74.21,94,40,5.75,scattered clouds
320,Atascadero,US,35.4894,-120.6707,50.32,78,18,4.29,few clouds
321,Diapaga,BF,12.0708,1.7889,68.97,14,29,6.55,scattered clouds
322,Tamale,GH,9.4008,-0.8393,75.79,17,43,6.22,scattered clouds
323,Mackenzie,CA,55.2999,-123.1698,3.79,99,81,1.1,broken clouds
324,Sala,MA,34.0389,-6.8166,51.64,100,3,3.44,clear sky
325,Moussoro,TD,13.6408,16.4901,69.78,12,1,13.33,clear sky
326,Estelle,US,29.8458,-90.1067,74.01,87,40,8.05,mist
327,Nalut,LY,30.3333,10.85,43.83,58,0,7.05,clear sky
328,Velikiy Ustyug,RU,60.7644,46.3106,-10.35,100,18,3.47,few clouds
329,Grindavik,IS,63.8424,-22.4338,36.07,93,90,6.91,light intensity drizzle
330,Kautokeino,NO,69.0125,23.0412,1.94,100,98,0.78,overcast clouds
331,Gat,IL,31.61,34.7642,57.4,68,4,5.55,clear sky
332,Tevriz,RU,57.509,72.4042,17.44,87,94,6.64,overcast clouds
333,Zhuanghe,CN,39.7008,122.9911,42.71,79,13,5.32,few clouds
334,Biloela,AU,-24.4167,150.5,86.04,52,67,6.76,broken clouds
335,Abu Samrah,SY,35.3029,37.1841,49.68,87,3,3.04,clear sky
336,Bobo Dioulasso,BF,11.1771,-4.2979,70.38,18,34,4.63,scattered clouds
337,Chumikan,RU,54.7183,135.315,16.32,88,100,7.18,overcast clouds
338,Havelock,US,34.8791,-76.9013,48.15,79,42,2.24,scattered clouds
339,Kasempa,ZM,-13.4584,25.8338,67.12,73,85,0.6,overcast clouds
340,Kribi,CM,2.95,9.9167,78.12,89,74,4.23,broken clouds
341,Lebanon,US,36.2081,-86.2911,61.02,69,90,16.11,overcast clouds
342,Hasaki,JP,35.7333,140.8333,52.29,66,100,14.43,overcast clouds
343,Seoul,KR,37.5683,126.9778,45.84,71,100,1.86,overcast clouds
344,Pemangkat,ID,1.1667,108.9667,81.93,78,100,7.16,overcast clouds
345,Tuy Hoa,VN,13.0833,109.3,74.62,81,95,13.4,overcast clouds
346,Kulhudhuffushi,MV,6.6221,73.07,80.87,80,100,9.46,overcast clouds
347,Khatanga,RU,71.9667,102.5,-15.03,96,98,9.44,overcast clouds
348,Kismayo,SO,-0.3582,42.5454,80.06,74,83,11.95,broken clouds
349,Leh,IN,34.1667,77.5833,6.89,82,93,4.85,overcast clouds
350,Olafsvik,IS,64.8945,-23.7142,36.19,77,100,13.51,overcast clouds
351,Oudtshoorn,ZA,-33.5907,22.2014,66.18,83,25,3.0,scattered clouds
352,Gumia,IN,23.7833,85.8167,67.44,58,4,2.91,clear sky
353,Los Llanos De Aridane,ES,28.6585,-17.9182,61.12,77,75,1.99,broken clouds
354,Te Anau,NZ,-45.4167,167.7167,70.38,34,92,5.06,overcast clouds
355,Catalina Foothills,US,32.2979,-110.9187,64.99,39,3,5.99,clear sky
356,Verkhnyaya Inta,RU,65.9811,60.3094,9.75,92,100,2.33,overcast clouds
357,Saint George,US,37.1041,-113.5841,48.67,87,90,8.99,overcast clouds
358,Karasburg,NA,-28.0167,18.75,66.54,27,6,4.25,clear sky
359,Cabedelo,BR,-6.9811,-34.8339,81.27,81,65,11.59,broken clouds
360,Colwyn Bay,GB,53.2948,-3.7267,44.94,86,100,17.0,overcast clouds
361,Buraydah,SA,26.326,43.975,50.76,39,4,9.13,clear sky
362,Lompoc,US,34.6391,-120.4579,54.25,77,1,11.5,clear sky
363,Belyy Yar,RU,53.6039,91.3903,8.49,60,0,8.95,clear sky
364,Cartagena,CO,10.3997,-75.5144,78.42,89,40,2.3,scattered clouds
365,Bom Jesus,BR,-9.0744,-44.3586,72.93,90,89,1.68,overcast clouds
366,Aykhal,RU,66.0,111.5,-17.59,97,100,13.8,overcast clouds
367,Akyab,MM,20.15,92.9,76.01,76,0,3.96,clear sky
368,Astara,AZ,38.5,48.6667,39.9,72,56,3.94,broken clouds
369,Ullapool,GB,57.8987,-5.1604,40.35,88,94,10.67,light rain
370,Stodolishche,RU,54.1859,32.6492,24.08,92,100,12.91,overcast clouds
371,Beni,CD,0.5,29.4667,61.61,91,38,2.33,scattered clouds
372,Novi Sanzhary,UA,49.3439,34.3108,44.28,95,100,7.38,overcast clouds
373,Nelson Bay,AU,-32.7167,152.15,77.05,35,0,4.0,clear sky
374,Whitehorse,CA,60.7161,-135.0538,7.02,84,75,31.0,light snow
375,Codrington,AU,-38.2667,141.9667,58.26,63,98,14.41,overcast clouds
376,Karpathos,GR,35.507,27.2132,64.36,77,37,17.27,scattered clouds
377,Guerrero Negro,MX,27.9769,-114.0611,63.19,78,100,4.36,overcast clouds
378,Carnarvon,AU,-24.8667,113.6333,78.87,65,0,17.27,clear sky
379,Sioux Lookout,CA,50.1001,-91.917,19.2,90,100,10.42,overcast clouds
380,Tari,NG,12.4086,4.4914,67.84,17,83,10.11,broken clouds
381,Balikpapan,ID,-1.2675,116.8289,81.59,83,20,5.75,few clouds
382,Saint-Joseph,RE,-21.3667,55.6167,73.78,76,29,7.94,scattered clouds
383,Ollioules,FR,43.1352,5.848,42.44,61,100,1.01,overcast clouds
384,Rosetta,EG,31.4044,30.4164,61.27,77,40,7.2,scattered clouds
385,Soyo,AO,-6.1349,12.3689,78.4,92,100,9.82,overcast clouds
386,Qaqortoq,GL,60.7167,-46.0333,27.1,94,46,4.97,scattered clouds
387,Irbeyskoye,RU,55.6428,95.4522,12.16,88,100,20.78,light snow
388,Ijui,BR,-28.3878,-53.9147,66.7,58,0,14.83,clear sky
389,Kieta,PG,-6.2167,155.6333,85.42,72,100,3.13,light rain
390,Viedma,AR,-40.8135,-62.9967,59.2,83,0,10.2,clear sky
391,Amga,RU,60.8953,131.9608,-19.37,99,68,2.59,broken clouds
392,Loding,NO,67.3,14.75,33.71,55,100,19.57,overcast clouds
393,Tursunzoda,TJ,38.5144,68.2333,34.68,9,0,7.29,clear sky
394,Inuvik,CA,68.3499,-133.7218,-12.01,100,40,4.07,scattered clouds
395,Isangel,VU,-19.55,169.2667,85.73,68,23,10.25,few clouds
396,Dunedin,NZ,-45.8742,170.5036,60.8,60,55,1.99,broken clouds
397,Tezu,IN,27.9167,96.1667,69.55,45,34,0.22,scattered clouds
398,Kasongo-Lunda,CD,-6.4667,16.8167,68.94,99,100,1.54,light rain
399,Back Mountain,US,41.3359,-75.9963,33.37,78,100,7.72,overcast clouds
400,Marawi,PH,7.9986,124.2928,75.92,85,100,3.69,moderate rain
401,Palana,RU,59.1167,159.9667,15.93,85,100,4.16,light snow
402,Lalupon,NG,7.4667,4.0667,71.04,37,0,3.11,clear sky
403,Kampene,CD,-3.6,26.6667,67.95,98,85,1.19,overcast clouds
404,Port Macquarie,AU,-31.4333,152.9167,82.89,34,0,2.59,clear sky
405,Wufeng,CN,27.45,104.8333,39.27,97,100,3.24,overcast clouds
406,Luanda,AO,-8.8368,13.2343,77.04,86,100,5.46,overcast clouds
407,Tucuman,AR,-26.8241,-65.2226,71.6,88,75,6.91,broken clouds
408,Micheweni,TZ,-4.9667,39.8333,77.94,82,4,2.48,light rain
409,Glossa,GR,35.4717,23.7763,61.09,65,0,13.71,clear sky
410,Cabo San Lucas,MX,22.8909,-109.9124,76.51,70,1,23.02,clear sky
411,Lucapa,AO,-8.4192,20.7447,63.73,97,99,2.37,overcast clouds
412,Port Pirie,AU,-33.1833,138.0167,66.29,35,0,10.8,clear sky
413,Port Hedland,AU,-20.3167,118.5667,87.85,79,40,14.97,scattered clouds
414,Banda Aceh,ID,5.5577,95.3222,81.68,76,99,12.46,overcast clouds
415,Caohai,CN,26.8661,104.2841,46.62,88,100,6.15,overcast clouds
416,Kindu,CD,-2.95,25.95,70.07,98,93,2.66,overcast clouds
417,Byron Bay,AU,-28.65,153.6167,87.91,62,89,1.57,overcast clouds
418,Pirenopolis,BR,-15.8525,-48.9592,67.77,89,85,1.97,overcast clouds
419,Rantepao,ID,-2.9701,119.8978,82.4,60,68,2.44,broken clouds
420,Narok,KE,-1.0783,35.8601,56.14,95,67,4.25,broken clouds
421,Laguna,US,38.421,-121.4238,52.12,79,1,4.61,clear sky
422,Ngunguru,NZ,-35.6167,174.5,70.59,61,24,11.34,few clouds
423,Mao,ES,39.8885,4.2658,57.76,72,75,12.66,broken clouds
424,Kizema,RU,61.113,44.8302,-7.8,100,45,3.2,scattered clouds
425,Klaksvik,FO,62.2266,-6.589,43.72,93,100,24.99,overcast clouds
426,Andros,GR,37.8333,24.9333,63.73,56,0,13.0,clear sky
427,Devils Lake,US,48.1128,-98.8651,21.94,80,1,5.99,clear sky
428,Namatanai,PG,-3.6667,152.4333,86.47,71,62,11.23,light rain
429,Korla,CN,41.7597,86.1469,28.0,41,55,8.43,broken clouds
430,Comodoro Rivadavia,AR,-45.8667,-67.5,57.06,72,0,9.22,clear sky
431,Hopfgarten,DE,50.9833,11.2667,35.73,84,100,4.85,overcast clouds
432,Bukachacha,RU,52.9833,116.9167,8.71,80,100,1.88,overcast clouds
433,Yanam,IN,16.7333,82.2167,75.6,86,22,8.57,few clouds
434,Tacoronte,ES,28.4769,-16.4102,62.2,82,75,10.0,broken clouds
435,Sturgeon Bay,US,44.8342,-87.377,35.96,80,90,9.22,overcast clouds
436,Baracoa,CU,20.3467,-74.4958,76.42,84,14,10.87,few clouds
437,Haaltert,BE,50.8853,3.9909,41.18,90,100,17.87,light rain
438,Constitucion,CL,-35.3333,-72.4167,56.12,92,11,1.05,few clouds
439,Broome,US,42.2506,-75.833,32.7,72,90,3.0,overcast clouds
440,Cabo Rojo,PR,18.0866,-67.1457,77.09,88,0,8.66,clear sky
441,Bambanglipuro,ID,-7.95,110.2833,72.61,71,57,4.18,broken clouds
442,Jinji,CN,23.2281,110.8261,68.43,52,1,5.19,clear sky
443,Leshukonskoye,RU,64.8989,45.7622,0.95,99,91,4.09,overcast clouds
444,Zaysan,KZ,47.4667,84.8667,-7.08,84,48,3.47,scattered clouds
445,Gejiu,CN,23.306,103.1635,47.7,88,54,4.65,broken clouds
446,Roma,US,43.2128,-75.4557,31.84,83,75,9.22,broken clouds
447,Tumpat,MY,6.1978,102.171,79.88,82,93,11.03,overcast clouds
448,Ranau,MY,5.9538,116.6641,75.85,97,100,1.1,overcast clouds
449,Xiangxiang,CN,27.7333,112.5333,60.06,49,5,1.3,clear sky
450,Port Elgin,CA,46.0487,-64.0868,18.77,72,45,11.63,scattered clouds
451,San Carlos De Bariloche,AR,-41.1456,-71.3082,64.15,55,0,3.44,clear sky
452,Campbellsville,US,37.3434,-85.3419,58.6,74,100,14.23,overcast clouds
453,Arandis,NA,-22.4167,14.9667,53.47,46,88,0.25,overcast clouds
454,Vagay,RU,57.9375,69.0217,16.75,78,100,7.99,overcast clouds
455,Guarapari,BR,-20.6667,-40.4975,68.9,82,73,6.06,broken clouds
456,Urdoma,RU,61.7533,48.5442,-13.18,100,63,3.15,broken clouds
457,Gayeri,BF,12.6497,0.4931,68.4,12,4,8.5,clear sky
458,Namibe,AO,-15.1961,12.1522,69.98,67,88,6.98,overcast clouds
459,Maragogi,BR,-9.0122,-35.2225,79.34,82,84,10.09,broken clouds
460,Tamandare,BR,-8.7597,-35.1047,78.8,86,56,9.19,broken clouds
461,Khandyga,RU,62.6667,135.6,-10.75,96,100,3.67,overcast clouds
462,Beira,MZ,-19.8436,34.8389,75.69,88,0,4.68,clear sky
463,Teguise,ES,29.0605,-13.564,61.02,77,0,16.11,clear sky
464,Tilichiki,RU,60.4667,166.1,-15.36,86,10,7.09,clear sky
465,Kirakira,SB,-10.4544,161.9205,85.78,72,100,6.85,overcast clouds
466,Campbeltown,GB,55.4258,-5.6076,42.85,60,11,24.11,few clouds
467,Sambava,MG,-14.2667,50.1667,73.15,84,98,6.22,overcast clouds
468,Aksarayskiy,RU,46.7924,48.0119,35.55,95,100,16.69,overcast clouds
469,Malbang,PH,5.8556,125.0453,84.47,74,94,4.12,overcast clouds
470,Batagay-Alyta,RU,67.8006,130.4114,-36.2,91,73,2.84,broken clouds
471,Cabadiangan,PH,9.7531,122.4739,81.59,82,100,15.57,light rain
472,Berdigestyakh,RU,62.0989,126.6992,-7.29,99,100,4.07,overcast clouds
473,Sistranda,NO,63.7256,8.834,35.56,63,100,8.63,overcast clouds
474,Leiva,CO,1.9339,-77.3025,63.72,97,95,1.5,light rain
475,Amahai,ID,-3.3333,128.9167,87.46,62,69,3.02,broken clouds
476,Mariental,NA,-24.6333,17.9667,75.11,18,49,4.99,scattered clouds
477,Sao Joao Da Barra,BR,-21.6403,-41.0511,70.11,85,93,6.29,overcast clouds
478,Hovd,MN,48.0056,91.6419,7.68,72,12,6.55,few clouds
479,Khartoum,SD,15.5518,32.5324,76.01,52,0,13.0,clear sky
480,Avera,US,33.194,-82.5271,51.46,80,19,5.17,few clouds
481,Porto Novo,BJ,6.4965,2.6036,77.68,86,0,1.86,clear sky
482,Faanui,PF,-16.4833,-151.75,81.19,69,11,12.44,few clouds
483,Hualmay,PE,-11.0964,-77.6139,67.06,85,97,7.67,overcast clouds
484,Pasinler,TR,39.9803,41.6764,31.19,86,96,2.64,overcast clouds
485,Leczyca,PL,52.0596,19.1997,31.08,99,100,6.08,snow
486,Churapcha,RU,62.0025,132.4325,-21.66,100,97,3.58,overcast clouds
487,Taoudenni,ML,22.6783,-3.9836,64.6,13,100,10.16,overcast clouds
488,Kumluca,TR,36.3703,30.2869,52.68,75,54,7.27,broken clouds
489,Titel,RS,45.2061,20.2944,37.51,97,100,4.85,overcast clouds
490,Yangambi,CD,0.8102,24.4336,70.97,81,1,0.72,clear sky
491,Severo-Yeniseyskiy,RU,60.3725,93.0408,3.87,91,100,10.85,overcast clouds
492,Shache,CN,38.4167,77.2406,26.87,42,0,6.13,clear sky
493,Bereda,ES,43.2686,-7.5406,56.41,100,100,8.14,overcast clouds
494,Algiers,DZ,36.7525,3.042,51.62,71,0,13.8,clear sky
495,Nioro,GM,13.35,-15.75,74.41,28,8,3.58,clear sky
496,Areia Branca,BR,-4.9561,-37.1369,81.07,74,99,17.47,overcast clouds
497,Hofn,IS,64.2539,-15.2082,37.31,74,93,18.68,overcast clouds
498,Adrar,MR,20.5022,-10.0711,64.8,13,100,11.45,overcast clouds
499,Tigil,RU,57.8,158.6667,19.85,91,100,7.23,overcast clouds
500,Ottawa,CA,45.4112,-75.6981,18.72,80,100,1.99,overcast clouds
501,San Felipe,VE,10.3399,-68.7425,72.32,94,87,4.9,overcast clouds
502,Kamenka,RU,51.3223,42.7678,29.75,85,100,7.7,overcast clouds
503,Bulri,PK,24.8667,68.3333,60.67,30,89,9.15,overcast clouds
504,Coari,BR,-4.085,-63.1414,75.18,94,100,2.82,overcast clouds
505,Paka,MY,4.6374,103.4368,79.21,85,100,10.76,overcast clouds
506,Mehamn,NO,71.0357,27.8492,20.61,78,7,15.37,clear sky
507,Abha,SA,18.2164,42.5053,43.05,26,0,0.0,clear sky
508,Mayo,US,38.8876,-76.5119,40.98,70,1,5.01,clear sky
509,Oistins,BB,13.0667,-59.5333,78.89,73,20,16.11,few clouds
510,Thinadhoo,MV,0.5333,72.9333,81.27,76,100,10.54,overcast clouds
511,Ambilobe,MG,-13.2,49.05,71.69,82,100,3.51,overcast clouds
512,Burnie,AU,-41.0667,145.9167,70.95,50,82,8.57,broken clouds
513,Cayenne,GF,4.9333,-52.3333,81.09,86,75,3.0,moderate rain
514,Liverpool,GB,53.4106,-2.9779,45.14,74,40,13.0,scattered clouds
515,Custodia,BR,-8.0875,-37.6431,78.22,64,94,11.43,overcast clouds
516,Erzin,TR,36.9559,36.2,48.72,71,5,4.63,clear sky
517,Hidalgotitlan,MX,17.7833,-94.6333,73.11,95,55,5.48,broken clouds
518,Uyskoye,RU,54.3775,60.0047,9.95,81,95,6.42,overcast clouds
519,Tahta,EG,26.7693,31.5021,56.28,50,75,5.26,broken clouds
520,Iwanai,JP,42.9744,140.5089,45.09,73,74,4.32,broken clouds
521,Faya,SA,18.3851,42.4509,43.32,17,0,4.92,clear sky
522,Voznesenye,RU,61.0106,35.4781,-2.85,100,99,3.42,overcast clouds
523,Kudahuvadhoo,MV,2.6708,72.8944,82.18,76,93,11.41,overcast clouds
524,Kita,ML,13.0349,-9.4895,71.8,18,58,2.75,broken clouds
525,Sudislavl,RU,57.8817,41.7083,-3.15,100,21,3.15,few clouds
526,Dahuk,IQ,36.8695,42.994,46.24,76,16,3.06,few clouds
527,Pombas,CV,17.1503,-25.0201,69.58,66,96,17.07,overcast clouds
528,Chippewa Falls,US,44.9369,-91.3929,32.77,90,1,4.61,mist
529,Gisborne,NZ,-38.6533,178.0042,75.94,73,82,4.99,broken clouds
530,Tsiroanomandidy,MG,-18.7667,46.0333,68.59,69,86,2.06,overcast clouds
531,Mahina,PF,-17.5065,-149.489,83.97,61,20,13.8,few clouds
532,Ampanihy,MG,-24.7,44.75,72.01,65,11,5.59,few clouds
533,Alyangula,AU,-13.8483,136.4192,87.1,63,94,6.17,overcast clouds
534,Vostok,RU,46.4856,135.8833,32.85,83,100,0.87,light snow
535,San Quintin,MX,30.4833,-115.95,60.42,84,100,7.92,overcast clouds
536,Moranbah,AU,-22.0016,148.0466,93.97,30,2,9.42,clear sky
537,Ulaangom,MN,49.9811,92.0667,-0.53,63,29,6.58,scattered clouds
538,Acapulco,MX,16.8634,-99.8901,80.42,83,40,0.0,scattered clouds
539,Kavieng,PG,-2.5744,150.7967,84.47,78,99,15.23,moderate rain
540,Perth,AU,-31.9333,115.8333,74.01,59,75,12.66,broken clouds
541,Saint-Francois,FR,46.4154,3.9054,36.48,88,90,10.36,snow
542,Paamiut,GL,61.994,-49.6678,24.75,95,100,7.65,light snow
543,Mundo Nuevo,MX,18.7,-95.5,77.13,86,4,7.56,clear sky
544,Amapa,BR,1.0,-52.0,73.08,100,99,2.01,overcast clouds
545,Balkhash,KZ,46.844,74.9804,3.81,72,0,13.42,clear sky
546,Taman,RU,45.2117,36.7161,48.52,85,100,12.1,overcast clouds
547,Kenora,CA,49.8167,-94.4337,19.78,79,49,8.01,scattered clouds
548,North Bend,US,43.4065,-124.2243,44.13,99,90,4.61,overcast clouds
549,Bontang,ID,0.1333,117.5,78.78,84,100,5.77,light rain
550,Koslan,RU,63.4564,48.8989,-6.57,100,98,4.72,overcast clouds
551,Owando,CG,-0.4819,15.8999,72.59,83,83,2.13,broken clouds
552,Aripuana,BR,-9.1667,-60.6333,74.1,96,100,1.59,overcast clouds
553,Russkaya Polyana,UA,49.417,31.9201,42.35,94,100,6.96,overcast clouds
554,Traverse City,US,44.7631,-85.6206,33.87,83,90,8.05,overcast clouds
555,Turayf,SA,31.6725,38.6637,47.88,70,33,6.2,scattered clouds
556,Burgersdorp,ZA,-30.9977,26.3286,59.11,76,20,3.76,few clouds
557,Erdemli,TR,36.605,34.3084,55.15,76,21,7.56,few clouds
558,Naryan-Mar,RU,67.6713,53.087,4.53,97,91,8.14,overcast clouds
559,Tommot,RU,58.9564,126.2925,-1.89,97,95,2.57,overcast clouds
560,Izhma,RU,65.0083,53.9113,-0.06,99,98,3.83,overcast clouds
561,Central Point,US,42.376,-122.9164,42.93,79,90,1.01,overcast clouds
562,Mount Gambier,AU,-37.8333,140.7667,63.45,46,21,11.86,few clouds
563,Naruja,GE,41.9069,41.9542,47.19,89,42,4.23,scattered clouds
564,Placido De Castro,BR,-10.3353,-67.1856,72.84,99,100,0.96,light rain
565,Jamame,SO,0.0722,42.7506,77.0,78,38,6.89,scattered clouds
566,Biarritz,FR,43.4801,-1.5556,58.71,94,90,34.52,overcast clouds
567,Reo,BF,12.3167,-2.4667,70.75,13,5,9.75,clear sky
568,Tombouctou,ML,20.0,-3.0,65.75,16,100,11.68,overcast clouds
569,Honiara,SB,-9.4333,159.95,86.0,74,88,4.92,overcast clouds
570,Tiznit,MA,29.5833,-9.5,56.23,26,0,5.55,clear sky
571,Riyadh,SA,24.6877,46.7219,53.74,43,30,7.92,scattered clouds
572,Nuuk,GL,64.1835,-51.7216,27.21,93,90,11.5,light snow
573,Linxia,CN,35.6003,103.2064,32.86,54,99,2.64,overcast clouds
574,Healdsburg,US,38.6105,-122.8692,51.06,69,1,7.0,clear sky
575,Rio Grande,BR,-32.035,-52.0986,66.94,68,0,14.63,clear sky
576,Palimbang,PH,6.2106,124.1894,85.37,74,100,5.82,overcast clouds
577,Poronaysk,RU,49.2167,143.1167,28.8,87,92,1.97,overcast clouds
578,Narragansett,US,41.4501,-71.4495,34.83,63,40,5.75,scattered clouds
579,Tibiri,NE,13.5627,7.0485,63.45,15,54,10.54,broken clouds
580,Vanavara,RU,60.34,102.2797,1.69,94,100,9.33,overcast clouds
581,Mangrol,IN,21.1167,70.1167,70.16,51,0,13.09,clear sky
582,Omboue,GA,-1.5746,9.2618,77.47,89,99,4.27,overcast clouds
583,Sandomierz,PL,50.6827,21.749,33.78,92,100,5.01,light snow
584,Maniitsoq,GL,65.4167,-52.9,20.91,69,98,11.1,overcast clouds
585,Cuamba,MZ,-14.8031,36.5372,71.44,68,1,4.56,clear sky
586,Sangar,RU,63.9242,127.4739,-12.06,97,100,6.87,overcast clouds
587,Lidkoping,SE,58.5052,13.1577,32.54,94,100,7.11,overcast clouds
588,Flinders,AU,-34.5833,150.8552,60.08,88,95,22.48,overcast clouds
589,Youghal,IE,51.95,-7.8506,41.02,79,81,19.57,broken clouds
590,Paita,PE,-5.0892,-81.1144,67.44,83,99,9.35,overcast clouds
591,Poplar Bluff,US,36.757,-90.3929,57.67,94,75,0.0,mist
592,Popova,RU,42.9603,131.7228,41.09,92,100,9.44,overcast clouds
593,Olinda,BR,-8.0089,-34.8553,82.13,74,40,10.36,scattered clouds
594,Semnan,IR,35.5729,53.3971,43.7,65,0,1.45,clear sky
595,Cocorit,MX,27.5833,-109.9667,68.34,50,100,6.02,overcast clouds
596,Salekhard,RU,66.53,66.6019,4.28,94,100,3.13,light snow
597,Muros,ES,42.7762,-9.0603,58.98,94,100,17.69,overcast clouds
598,Palmer,US,42.1584,-72.3287,31.62,70,75,0.0,broken clouds
599,Konstantinovka,RU,49.6167,127.9833,17.92,92,100,9.4,overcast clouds
600,Grand Gaube,MU,-20.0064,57.6608,74.37,76,51,1.99,broken clouds
601,Balti,MD,47.7617,27.9289,37.65,95,96,13.35,overcast clouds
602,Paciran,ID,-6.8767,112.3761,84.18,70,95,8.28,overcast clouds
603,Port Blair,IN,11.6667,92.75,81.23,68,37,14.45,scattered clouds
604,Sarakhs,IR,36.5449,61.1577,53.74,28,0,5.59,clear sky
605,Pavlodar,KZ,52.3,76.95,13.8,79,75,8.95,broken clouds
606,Athabasca,CA,54.7169,-113.2854,17.35,89,98,7.29,overcast clouds
607,Guatire,VE,10.4762,-66.5427,77.5,94,100,2.37,overcast clouds
608,Brae,GB,60.3964,-1.353,44.51,76,100,22.53,overcast clouds
609,Staryy Nadym,RU,65.6118,72.6842,-0.99,85,100,8.95,overcast clouds
610,Wairoa,NZ,-39.0333,177.3667,75.54,61,84,4.0,broken clouds
611,Ukwa,IN,21.9667,80.4667,61.18,77,0,1.97,clear sky
612,Kandalaksha,RU,67.162,32.4123,9.05,94,100,3.83,overcast clouds
613,Ponnani,IN,10.767,75.9252,78.12,83,42,10.11,scattered clouds
614,Lipari,IT,38.4674,14.954,48.78,57,98,29.15,light rain
615,Kyaikto,MM,17.3,97.0167,76.5,66,3,3.18,clear sky
616,Jalu,LY,29.0331,21.5482,53.91,50,3,7.14,clear sky
617,Plettenberg Bay,ZA,-34.0527,23.3716,65.41,97,100,4.7,overcast clouds
618,Storm Lake,US,42.6411,-95.2097,34.84,80,1,12.66,clear sky
619,Nome,US,64.5011,-165.4064,8.67,66,1,17.27,clear sky
620,Wanning,CN,18.8003,110.3967,72.63,68,72,10.38,broken clouds
621,Powell River,CA,49.8496,-124.5361,37.08,82,19,5.41,few clouds
622,Biak,ID,-0.9131,122.8766,83.88,67,74,1.54,broken clouds
623,Labytnangi,RU,66.6572,66.4183,3.94,92,100,3.29,light snow
624,Arroyo,ES,41.6096,-4.7969,49.19,85,90,21.85,overcast clouds
625,Ruteng,ID,-8.6136,120.4721,76.68,60,96,2.37,overcast clouds
626,Helena,US,46.5927,-112.0361,27.59,54,1,5.01,clear sky
627,Tekkali,IN,18.6167,84.2333,70.95,79,0,6.13,clear sky
628,Charters Towers,AU,-20.1,146.2667,95.61,17,0,6.58,clear sky
629,Floro,NO,61.5996,5.0328,40.96,48,20,21.85,few clouds
630,Yarada,IN,17.65,83.2667,73.72,68,20,3.44,haze
631,Alta Floresta,BR,-9.8756,-56.0861,73.24,97,100,2.06,overcast clouds
632,Hervey Bay,AU,-25.2986,152.8535,87.04,71,100,10.58,overcast clouds
633,Moundou,TD,8.5667,16.0833,71.53,29,11,3.0,few clouds
634,Maiduguri,NG,11.8464,13.1603,65.91,32,3,8.63,clear sky
635,Montbrison,FR,45.6667,4.0833,35.46,97,100,7.45,light snow
636,Sal Rei,CV,16.1833,-22.9167,70.36,67,97,21.36,overcast clouds
637,Waingapu,ID,-9.6567,120.2641,86.88,65,44,2.95,scattered clouds
638,Rio Gallegos,AR,-51.6226,-69.2181,57.25,51,75,9.22,broken clouds
639,Mosetse,BW,-20.75,26.65,69.22,78,57,7.61,light rain
640,Rafai,CF,4.95,23.9167,66.38,41,82,2.62,broken clouds
641,Havre-Saint-Pierre,CA,50.2334,-63.5986,15.84,59,100,14.0,overcast clouds
642,Moshenskoye,RU,58.5102,34.5911,1.04,98,29,4.14,scattered clouds
643,Vuktyl,RU,63.8567,57.3094,11.01,96,99,6.73,overcast clouds
644,Kjollefjord,NO,70.9457,27.3465,23.07,74,9,14.0,clear sky
645,Awjilah,LY,29.1081,21.2869,54.16,50,0,7.02,clear sky
646,Carlsbad,US,33.1581,-117.3506,59.0,86,75,1.01,broken clouds
647,Mogadishu,SO,2.0371,45.3438,77.38,73,11,17.6,few clouds
648,Jiancheng,CN,30.391,104.5491,54.99,85,100,2.55,overcast clouds
649,Banfora,BF,10.6333,-4.7667,73.89,17,80,5.08,broken clouds
650,Bembereke,BJ,10.2283,2.6634,68.0,19,2,4.63,clear sky
651,West Bay,KY,19.3667,-81.4167,78.87,89,20,8.05,few clouds
652,Wajima,JP,37.4,136.9,54.18,72,100,6.11,overcast clouds
653,Mbandaka,CD,0.0487,18.2603,74.93,84,91,2.73,overcast clouds
654,Maun,BW,-19.9833,23.4167,74.46,62,91,2.86,overcast clouds
655,Saurimo,AO,-9.6608,20.3916,63.01,97,97,0.94,overcast clouds
656,Dukat,RU,62.55,155.55,-25.13,80,0,3.0,clear sky
657,Puri,IN,19.8,85.85,72.37,81,0,8.3,clear sky
658,Chirongui,YT,-12.9319,45.1483,80.53,72,100,12.62,overcast clouds
659,Fare,PF,-16.7,-151.0167,80.83,71,10,12.08,clear sky
660,Alice Springs,AU,-23.7,133.8833,81.95,20,0,10.36,clear sky
661,Mayumba,GA,-3.432,10.6554,77.4,91,89,4.63,overcast clouds
662,Kindersley,CA,51.4668,-109.1682,12.99,77,15,9.28,few clouds
663,Honningsvag,NO,70.9821,25.9704,27.09,75,13,23.82,few clouds
664,Henties Bay,NA,-22.116,14.2845,59.86,90,8,5.03,clear sky
665,Xinzhou,CN,38.4092,112.7333,37.45,47,100,2.01,overcast clouds
666,Sokoni,TZ,-6.4333,39.55,80.08,77,6,7.67,clear sky
667,Diego De Almagro,CL,-26.3667,-70.05,61.92,53,5,3.91,clear sky
668,Penzance,GB,50.1186,-5.5371,47.41,67,67,35.03,broken clouds
669,Novobirilyussy,RU,56.9514,90.6661,5.2,89,100,14.5,overcast clouds
670,Teahupoo,PF,-17.8333,-149.2667,78.76,65,30,9.84,scattered clouds
671,Vila Franca Do Campo,PT,37.7167,-25.4333,56.19,75,39,2.19,scattered clouds
672,Lazaro Cardenas,MX,17.9583,-102.2,77.23,83,48,3.33,scattered clouds
673,Staunton,US,38.1496,-79.0717,36.32,59,1,1.01,clear sky
674,Tranby,NO,59.8167,10.25,29.77,93,100,7.0,light snow
675,Stornoway,GB,58.2093,-6.3865,37.36,87,75,5.75,broken clouds
676,Ngama,TD,11.7833,17.1667,70.43,20,3,9.1,clear sky
677,Sampit,ID,-2.5333,112.95,82.76,81,99,2.77,overcast clouds
678,Ewo,CG,-0.8725,14.8206,75.4,73,74,3.29,broken clouds
679,Ambovombe,MG,-25.1667,46.0833,74.57,70,7,6.49,clear sky
680,Ojinaga,MX,29.5667,-104.4167,67.41,30,1,6.91,clear sky
681,Tazovskiy,RU,67.4667,78.7,-18.85,100,89,3.33,overcast clouds
682,Sao Domingos Do Prata,BR,-19.865,-42.9683,64.09,96,5,0.65,clear sky
683,Mecca,SA,21.4267,39.8261,70.3,59,77,2.06,broken clouds
684,Pangnirtung,CA,66.1451,-65.7125,-5.24,92,100,2.66,overcast clouds
685,Paralimni,CY,35.0375,33.9833,56.43,63,4,9.19,clear sky
686,Pucallpa,PE,-8.3791,-74.5539,75.24,100,75,4.61,broken clouds
687,Pundaguitan,PH,6.3711,126.1689,82.49,76,100,1.95,overcast clouds
688,Doha,QA,25.2867,51.5333,67.98,77,47,4.61,scattered clouds
689,Aurora,US,39.7294,-104.8319,44.11,52,40,5.01,scattered clouds
690,Neuquen,AR,-38.9516,-68.0591,67.89,56,0,5.75,clear sky
